Plate,Well,Path,Alignment_count,Variant,Probability
9,A1,,0,,
9,A2,/Users/JLoong8/git/MinION/minION_results/20220216-ZZ_sup/RB09/NB02,36,#PARENT#,0.43212088810789245
9,A3,/Users/JLoong8/git/MinION/minION_results/20220216-ZZ_sup/RB09/NB03,39,T97C_T294A,0.33404027021918986
9,A4,/Users/JLoong8/git/MinION/minION_results/20220216-ZZ_sup/RB09/NB04,33,#PARENT#,0.8856470109583822
9,A5,/Users/JLoong8/git/MinION/minION_results/20220216-ZZ_sup/RB09/NB05,46,#PARENT#,0.7430855312475334
9,A6,/Users/JLoong8/git/MinION/minION_results/20220216-ZZ_sup/RB09/NB06,81,A359G,0.9499146433815681
9,A7,/Users/JLoong8/git/MinION/minION_results/20220216-ZZ_sup/RB09/NB07,68,#PARENT#,0.4492334372727937
9,A8,/Users/JLoong8/git/MinION/minION_results/20220216-ZZ_sup/RB09/NB08,21,#PARENT#,0.7316194324037508
9,A9,/Users/JLoong8/git/MinION/minION_results/20220216-ZZ_sup/RB09/NB09,79,A366DEL,0.8709424544638014
9,A10,/Users/JLoong8/git/MinION/minION_results/20220216-ZZ_sup/RB09/NB10,38,G232A,0.6872870180862308
9,A11,/Users/JLoong8/git/MinION/minION_results/20220216-ZZ_sup/RB09/NB11,44,#PARENT#,0.9240657220074473
9,A12,/Users/JLoong8/git/MinION/minION_results/20220216-ZZ_sup/RB09/NB12,21,#PARENT#,0.5257563834330126
9,B1,/Users/JLoong8/git/MinION/minION_results/20220216-ZZ_sup/RB09/NB13,25,A379G,0.9654105447361756
9,B2,/Users/JLoong8/git/MinION/minION_results/20220216-ZZ_sup/RB09/NB14,26,#PARENT#,0.7894857050751902
9,B3,/Users/JLoong8/git/MinION/minION_results/20220216-ZZ_sup/RB09/NB15,54,T438C,0.8631885793917491
9,B4,,0,,
9,B5,/Users/JLoong8/git/MinION/minION_results/20220216-ZZ_sup/RB09/NB17,33,#PARENT#,0.5094230201416766
9,B6,/Users/JLoong8/git/MinION/minION_results/20220216-ZZ_sup/RB09/NB18,36,#PARENT#,0.1407022712149361
9,B7,/Users/JLoong8/git/MinION/minION_results/20220216-ZZ_sup/RB09/NB19,2,,
9,B8,/Users/JLoong8/git/MinION/minION_results/20220216-ZZ_sup/RB09/NB20,20,#PARENT#,0.30962954023040373
9,B9,/Users/JLoong8/git/MinION/minION_results/20220216-ZZ_sup/RB09/NB21,52,A454G_T573C,0.7564082643021465
9,B10,/Users/JLoong8/git/MinION/minION_results/20220216-ZZ_sup/RB09/NB22,62,#PARENT#,0.6128030021385922
9,B11,/Users/JLoong8/git/MinION/minION_results/20220216-ZZ_sup/RB09/NB23,20,A366DEL_C598T,0.5617661169369956
9,B12,/Users/JLoong8/git/MinION/minION_results/20220216-ZZ_sup/RB09/NB24,10,T60C,0.22398368783045403
9,C1,/Users/JLoong8/git/MinION/minION_results/20220216-ZZ_sup/RB09/NB25,81,#PARENT#,0.9218630618757194
9,C2,/Users/JLoong8/git/MinION/minION_results/20220216-ZZ_sup/RB09/NB26,17,#PARENT#,0.2354200047622646
9,C3,/Users/JLoong8/git/MinION/minION_results/20220216-ZZ_sup/RB09/NB27,31,#PARENT#,0.5636858258690058
9,C4,/Users/JLoong8/git/MinION/minION_results/20220216-ZZ_sup/RB09/NB28,31,A8G_A366DEL,0.45294059341986415
9,C5,/Users/JLoong8/git/MinION/minION_results/20220216-ZZ_sup/RB09/NB29,61,#PARENT#,0.747937358752393
9,C6,/Users/JLoong8/git/MinION/minION_results/20220216-ZZ_sup/RB09/NB30,93,T274C,0.8985998129855249
9,C7,/Users/JLoong8/git/MinION/minION_results/20220216-ZZ_sup/RB09/NB31,37,G397A_T550C,0.6473424990712986
9,C8,/Users/JLoong8/git/MinION/minION_results/20220216-ZZ_sup/RB09/NB32,46,#PARENT#,0.38645816836604463
9,C9,/Users/JLoong8/git/MinION/minION_results/20220216-ZZ_sup/RB09/NB33,46,T357C,0.5477226891752628
9,C10,/Users/JLoong8/git/MinION/minION_results/20220216-ZZ_sup/RB09/NB34,82,#PARENT#,0.949691657974138
9,C11,/Users/JLoong8/git/MinION/minION_results/20220216-ZZ_sup/RB09/NB35,89,A469G_G570A,0.9053376349922754
9,C12,/Users/JLoong8/git/MinION/minION_results/20220216-ZZ_sup/RB09/NB36,54,G324T_T360C_A491G_C576G,0.43299480064248597
9,D1,/Users/JLoong8/git/MinION/minION_results/20220216-ZZ_sup/RB09/NB37,20,A281G,0.8280893605963148
9,D2,/Users/JLoong8/git/MinION/minION_results/20220216-ZZ_sup/RB09/NB38,37,#PARENT#,0.5831625574859033
9,D3,/Users/JLoong8/git/MinION/minION_results/20220216-ZZ_sup/RB09/NB39,84,C320T,0.9429617666900686
9,D4,/Users/JLoong8/git/MinION/minION_results/20220216-ZZ_sup/RB09/NB40,62,#PARENT#,0.8998669757434016
9,D5,/Users/JLoong8/git/MinION/minION_results/20220216-ZZ_sup/RB09/NB41,96,T567A,0.4838154641297734
9,D6,/Users/JLoong8/git/MinION/minION_results/20220216-ZZ_sup/RB09/NB42,60,A120G_A311G,0.9018088386837592
9,D7,/Users/JLoong8/git/MinION/minION_results/20220216-ZZ_sup/RB09/NB43,53,A391G,0.7108299284267188
9,D8,/Users/JLoong8/git/MinION/minION_results/20220216-ZZ_sup/RB09/NB44,109,T438C,0.7154309814290021
9,D9,/Users/JLoong8/git/MinION/minION_results/20220216-ZZ_sup/RB09/NB45,43,#PARENT#,0.8257872633320164
9,D10,/Users/JLoong8/git/MinION/minION_results/20220216-ZZ_sup/RB09/NB46,72,A125G,0.9203109828033779
9,D11,/Users/JLoong8/git/MinION/minION_results/20220216-ZZ_sup/RB09/NB47,45,#PARENT#,0.7589728191739005
9,D12,/Users/JLoong8/git/MinION/minION_results/20220216-ZZ_sup/RB09/NB48,20,#PARENT#,0.9059007057653449
9,E1,/Users/JLoong8/git/MinION/minION_results/20220216-ZZ_sup/RB09/NB49,120,#PARENT#,0.9618052023305893
9,E2,/Users/JLoong8/git/MinION/minION_results/20220216-ZZ_sup/RB09/NB50,78,#PARENT#,0.9271164706750521
9,E3,/Users/JLoong8/git/MinION/minION_results/20220216-ZZ_sup/RB09/NB51,47,A257G_A437G,0.6467285079724924
9,E4,/Users/JLoong8/git/MinION/minION_results/20220216-ZZ_sup/RB09/NB52,60,#PARENT#,0.8827312462916898
9,E5,/Users/JLoong8/git/MinION/minION_results/20220216-ZZ_sup/RB09/NB53,34,#PARENT#,0.948413947250405
9,E6,/Users/JLoong8/git/MinION/minION_results/20220216-ZZ_sup/RB09/NB54,37,#PARENT#,0.7597530101126072
9,E7,/Users/JLoong8/git/MinION/minION_results/20220216-ZZ_sup/RB09/NB55,37,#PARENT#,0.5945576914764567
9,E8,/Users/JLoong8/git/MinION/minION_results/20220216-ZZ_sup/RB09/NB56,53,T330C,0.7655829620512955
9,E9,/Users/JLoong8/git/MinION/minION_results/20220216-ZZ_sup/RB09/NB57,21,#PARENT#,0.5636579513948711
9,E10,/Users/JLoong8/git/MinION/minION_results/20220216-ZZ_sup/RB09/NB58,3,,
9,E11,/Users/JLoong8/git/MinION/minION_results/20220216-ZZ_sup/RB09/NB59,69,#PARENT#,0.8976752980491463
9,E12,/Users/JLoong8/git/MinION/minION_results/20220216-ZZ_sup/RB09/NB60,50,G577A,1.0
9,F1,/Users/JLoong8/git/MinION/minION_results/20220216-ZZ_sup/RB09/NB61,5,#PARENT#,0.011090801297528135
9,F2,/Users/JLoong8/git/MinION/minION_results/20220216-ZZ_sup/RB09/NB62,46,#PARENT#,0.9709252116754088
9,F3,/Users/JLoong8/git/MinION/minION_results/20220216-ZZ_sup/RB09/NB63,7,nan,
9,F4,/Users/JLoong8/git/MinION/minION_results/20220216-ZZ_sup/RB09/NB64,51,#PARENT#,0.5696243705777728
9,F5,/Users/JLoong8/git/MinION/minION_results/20220216-ZZ_sup/RB09/NB65,70,#PARENT#,0.7468497212010192
9,F6,/Users/JLoong8/git/MinION/minION_results/20220216-ZZ_sup/RB09/NB66,38,#PARENT#,0.683009450072442
9,F7,/Users/JLoong8/git/MinION/minION_results/20220216-ZZ_sup/RB09/NB67,56,#PARENT#,0.9809748697605996
9,F8,/Users/JLoong8/git/MinION/minION_results/20220216-ZZ_sup/RB09/NB68,85,C88T_C107A_A362G_C431T,0.6768515756603604
9,F9,/Users/JLoong8/git/MinION/minION_results/20220216-ZZ_sup/RB09/NB69,75,#PARENT#,0.9629891669852887
9,F10,/Users/JLoong8/git/MinION/minION_results/20220216-ZZ_sup/RB09/NB70,78,G282C,0.9751946625933939
9,F11,/Users/JLoong8/git/MinION/minION_results/20220216-ZZ_sup/RB09/NB71,49,A364G,0.7901653031617265
9,F12,/Users/JLoong8/git/MinION/minION_results/20220216-ZZ_sup/RB09/NB72,12,T354C,0.02121258348794906
9,G1,/Users/JLoong8/git/MinION/minION_results/20220216-ZZ_sup/RB09/NB73,51,T71C,0.7454814985403785
9,G2,/Users/JLoong8/git/MinION/minION_results/20220216-ZZ_sup/RB09/NB74,25,C101G,0.6524621570339799
9,G3,,0,,
9,G4,/Users/JLoong8/git/MinION/minION_results/20220216-ZZ_sup/RB09/NB76,65,#PARENT#,0.7624080199050137
9,G5,/Users/JLoong8/git/MinION/minION_results/20220216-ZZ_sup/RB09/NB77,42,#PARENT#,0.45503768073458717
9,G6,/Users/JLoong8/git/MinION/minION_results/20220216-ZZ_sup/RB09/NB78,75,A366DEL_T467C,0.444333096930885
9,G7,/Users/JLoong8/git/MinION/minION_results/20220216-ZZ_sup/RB09/NB79,22,#PARENT#,0.9122126693877655
9,G8,/Users/JLoong8/git/MinION/minION_results/20220216-ZZ_sup/RB09/NB80,129,#PARENT#,0.9486911558045438
9,G9,/Users/JLoong8/git/MinION/minION_results/20220216-ZZ_sup/RB09/NB81,98,#PARENT#,0.9196923425520686
9,G10,/Users/JLoong8/git/MinION/minION_results/20220216-ZZ_sup/RB09/NB82,46,#PARENT#,0.7674856111923466
9,G11,/Users/JLoong8/git/MinION/minION_results/20220216-ZZ_sup/RB09/NB83,100,A578G,0.9034983736928459
9,G12,/Users/JLoong8/git/MinION/minION_results/20220216-ZZ_sup/RB09/NB84,75,#PARENT#,0.2554526781704385
9,H1,,0,,
9,H2,/Users/JLoong8/git/MinION/minION_results/20220216-ZZ_sup/RB09/NB86,56,#PARENT#,0.5555535158241004
9,H3,/Users/JLoong8/git/MinION/minION_results/20220216-ZZ_sup/RB09/NB87,77,#PARENT#,0.9796945895746537
9,H4,/Users/JLoong8/git/MinION/minION_results/20220216-ZZ_sup/RB09/NB88,17,#PARENT#,0.17738392936997127
9,H5,/Users/JLoong8/git/MinION/minION_results/20220216-ZZ_sup/RB09/NB89,64,T389A_G577A,0.5518307991940872
9,H6,/Users/JLoong8/git/MinION/minION_results/20220216-ZZ_sup/RB09/NB90,91,A491G,0.5727120528341095
9,H7,/Users/JLoong8/git/MinION/minION_results/20220216-ZZ_sup/RB09/NB91,55,A539G,0.7015439853661625
9,H8,/Users/JLoong8/git/MinION/minION_results/20220216-ZZ_sup/RB09/NB92,24,#PARENT#,0.605607084963005
9,H9,/Users/JLoong8/git/MinION/minION_results/20220216-ZZ_sup/RB09/NB93,29,#PARENT#,0.8222669710367457
9,H10,/Users/JLoong8/git/MinION/minION_results/20220216-ZZ_sup/RB09/NB94,18,#PARENT#,0.7094178861807616
9,H11,/Users/JLoong8/git/MinION/minION_results/20220216-ZZ_sup/RB09/NB95,66,T357C_T360C_A500G,0.9420124259720474
9,H12,/Users/JLoong8/git/MinION/minION_results/20220216-ZZ_sup/RB09/NB96,63,#PARENT#,0.960358012224501
10,A1,,0,,
10,A2,/Users/JLoong8/git/MinION/minION_results/20220216-ZZ_sup/RB10/NB02,43,#PARENT#,0.7368397135196
10,A3,/Users/JLoong8/git/MinION/minION_results/20220216-ZZ_sup/RB10/NB03,61,A427G_T582C,0.8383327627497941
10,A4,/Users/JLoong8/git/MinION/minION_results/20220216-ZZ_sup/RB10/NB04,41,A557G,0.7806292146115653
10,A5,/Users/JLoong8/git/MinION/minION_results/20220216-ZZ_sup/RB10/NB05,74,A20G_A366G_A543G,0.5266217591918722
10,A6,/Users/JLoong8/git/MinION/minION_results/20220216-ZZ_sup/RB10/NB06,71,#PARENT#,0.8963401656155002
10,A7,/Users/JLoong8/git/MinION/minION_results/20220216-ZZ_sup/RB10/NB07,144,#PARENT#,0.9524034381997591
10,A8,/Users/JLoong8/git/MinION/minION_results/20220216-ZZ_sup/RB10/NB08,85,A351G,0.9454504547844865
10,A9,/Users/JLoong8/git/MinION/minION_results/20220216-ZZ_sup/RB10/NB09,13,T550A,0.28500583151739334
10,A10,/Users/JLoong8/git/MinION/minION_results/20220216-ZZ_sup/RB10/NB10,38,C538G,0.7615726023455193
10,A11,/Users/JLoong8/git/MinION/minION_results/20220216-ZZ_sup/RB10/NB11,48,T345G,0.9557790020123633
10,A12,/Users/JLoong8/git/MinION/minION_results/20220216-ZZ_sup/RB10/NB12,57,#PARENT#,0.9321667296144651
10,B1,/Users/JLoong8/git/MinION/minION_results/20220216-ZZ_sup/RB10/NB13,27,#PARENT#,0.7523070200167248
10,B2,/Users/JLoong8/git/MinION/minION_results/20220216-ZZ_sup/RB10/NB14,27,#PARENT#,0.40531178249905847
10,B3,/Users/JLoong8/git/MinION/minION_results/20220216-ZZ_sup/RB10/NB15,39,#PARENT#,0.863265406012922
10,B4,,0,,
10,B5,/Users/JLoong8/git/MinION/minION_results/20220216-ZZ_sup/RB10/NB17,43,C594T,0.9766477965594521
10,B6,/Users/JLoong8/git/MinION/minION_results/20220216-ZZ_sup/RB10/NB18,25,#PARENT#,0.8237651121791368
10,B7,,0,,
10,B8,/Users/JLoong8/git/MinION/minION_results/20220216-ZZ_sup/RB10/NB20,41,#PARENT#,0.9211509901353448
10,B9,/Users/JLoong8/git/MinION/minION_results/20220216-ZZ_sup/RB10/NB21,45,T121C,0.9114833497700134
10,B10,/Users/JLoong8/git/MinION/minION_results/20220216-ZZ_sup/RB10/NB22,54,A383G,0.5438435590664712
10,B11,/Users/JLoong8/git/MinION/minION_results/20220216-ZZ_sup/RB10/NB23,28,T303C,0.41519695140675156
10,B12,/Users/JLoong8/git/MinION/minION_results/20220216-ZZ_sup/RB10/NB24,25,C315G_A512G,0.45015844244341763
10,C1,/Users/JLoong8/git/MinION/minION_results/20220216-ZZ_sup/RB10/NB25,53,C196T_G390T_T582G,0.899801755513642
10,C2,/Users/JLoong8/git/MinION/minION_results/20220216-ZZ_sup/RB10/NB26,51,#PARENT#,0.7678471018593762
10,C3,/Users/JLoong8/git/MinION/minION_results/20220216-ZZ_sup/RB10/NB27,25,#PARENT#,0.8388598411934868
10,C4,/Users/JLoong8/git/MinION/minION_results/20220216-ZZ_sup/RB10/NB28,17,#PARENT#,0.06913561333134728
10,C5,/Users/JLoong8/git/MinION/minION_results/20220216-ZZ_sup/RB10/NB29,57,#PARENT#,0.7823629968505713
10,C6,/Users/JLoong8/git/MinION/minION_results/20220216-ZZ_sup/RB10/NB30,37,T558C,0.6789981760947503
10,C7,/Users/JLoong8/git/MinION/minION_results/20220216-ZZ_sup/RB10/NB31,23,#PARENT#,0.6578512811253688
10,C8,/Users/JLoong8/git/MinION/minION_results/20220216-ZZ_sup/RB10/NB32,58,#PARENT#,0.5675630172214552
10,C9,/Users/JLoong8/git/MinION/minION_results/20220216-ZZ_sup/RB10/NB33,20,T548DEL,0.6891787388399854
10,C10,/Users/JLoong8/git/MinION/minION_results/20220216-ZZ_sup/RB10/NB34,56,T567A,0.9828780530332821
10,C11,/Users/JLoong8/git/MinION/minION_results/20220216-ZZ_sup/RB10/NB35,69,C88T_C107A_A362G_C431T,0.5674697323686047
10,C12,/Users/JLoong8/git/MinION/minION_results/20220216-ZZ_sup/RB10/NB36,50,A10G_G574A,0.8471832960488481
10,D1,/Users/JLoong8/git/MinION/minION_results/20220216-ZZ_sup/RB10/NB37,50,A505G,0.9782165337227212
10,D2,/Users/JLoong8/git/MinION/minION_results/20220216-ZZ_sup/RB10/NB38,37,#PARENT#,0.9316276071943996
10,D3,/Users/JLoong8/git/MinION/minION_results/20220216-ZZ_sup/RB10/NB39,21,#PARENT#,0.9248534717148468
10,D4,/Users/JLoong8/git/MinION/minION_results/20220216-ZZ_sup/RB10/NB40,35,#PARENT#,0.5670084770454175
10,D5,/Users/JLoong8/git/MinION/minION_results/20220216-ZZ_sup/RB10/NB41,18,C107A_C431T,0.01417114087459066
10,D6,/Users/JLoong8/git/MinION/minION_results/20220216-ZZ_sup/RB10/NB42,21,T582C,0.04383810681623023
10,D7,/Users/JLoong8/git/MinION/minION_results/20220216-ZZ_sup/RB10/NB43,106,T186C,0.7281916403714243
10,D8,/Users/JLoong8/git/MinION/minION_results/20220216-ZZ_sup/RB10/NB44,125,C245A_T556C,0.6515104250281728
10,D9,/Users/JLoong8/git/MinION/minION_results/20220216-ZZ_sup/RB10/NB45,41,#PARENT#,0.4685846967794703
10,D10,/Users/JLoong8/git/MinION/minION_results/20220216-ZZ_sup/RB10/NB46,59,A128G,0.6440228156084143
10,D11,/Users/JLoong8/git/MinION/minION_results/20220216-ZZ_sup/RB10/NB47,49,#PARENT#,0.7946409356751759
10,D12,/Users/JLoong8/git/MinION/minION_results/20220216-ZZ_sup/RB10/NB48,54,A366DEL,0.9047515121426669
10,E1,/Users/JLoong8/git/MinION/minION_results/20220216-ZZ_sup/RB10/NB49,39,A445G,0.7735836733313771
10,E2,/Users/JLoong8/git/MinION/minION_results/20220216-ZZ_sup/RB10/NB50,55,T228C_A427C_T582A,0.7580208963823525
10,E3,/Users/JLoong8/git/MinION/minION_results/20220216-ZZ_sup/RB10/NB51,33,A366G,0.4106786774070997
10,E4,/Users/JLoong8/git/MinION/minION_results/20220216-ZZ_sup/RB10/NB52,21,#PARENT#,0.2838999603074302
10,E5,/Users/JLoong8/git/MinION/minION_results/20220216-ZZ_sup/RB10/NB53,10,#PARENT#,0.3503287684310171
10,E6,/Users/JLoong8/git/MinION/minION_results/20220216-ZZ_sup/RB10/NB54,5,#PARENT#,0.5296718792619205
10,E7,/Users/JLoong8/git/MinION/minION_results/20220216-ZZ_sup/RB10/NB55,64,#PARENT#,0.9538322068925297
10,E8,/Users/JLoong8/git/MinION/minION_results/20220216-ZZ_sup/RB10/NB56,89,#PARENT#,0.9430184811205355
10,E9,/Users/JLoong8/git/MinION/minION_results/20220216-ZZ_sup/RB10/NB57,13,#PARENT#,0.2619565688712404
10,E10,/Users/JLoong8/git/MinION/minION_results/20220216-ZZ_sup/RB10/NB58,4,,
10,E11,/Users/JLoong8/git/MinION/minION_results/20220216-ZZ_sup/RB10/NB59,32,A366DEL,0.6210711094842114
10,E12,/Users/JLoong8/git/MinION/minION_results/20220216-ZZ_sup/RB10/NB60,10,#PARENT#,0.23448252026666333
10,F1,/Users/JLoong8/git/MinION/minION_results/20220216-ZZ_sup/RB10/NB61,78,A391G,0.44012636150049456
10,F2,/Users/JLoong8/git/MinION/minION_results/20220216-ZZ_sup/RB10/NB62,37,A505T_G529T,0.8815050489324688
10,F3,/Users/JLoong8/git/MinION/minION_results/20220216-ZZ_sup/RB10/NB63,39,A251G,0.7404099762421564
10,F4,/Users/JLoong8/git/MinION/minION_results/20220216-ZZ_sup/RB10/NB64,61,A179G_C199T_T436C,0.9144317027285377
10,F5,/Users/JLoong8/git/MinION/minION_results/20220216-ZZ_sup/RB10/NB65,27,T155C,0.9404597617723828
10,F6,/Users/JLoong8/git/MinION/minION_results/20220216-ZZ_sup/RB10/NB66,13,#PARENT#,0.4703716694281699
10,F7,/Users/JLoong8/git/MinION/minION_results/20220216-ZZ_sup/RB10/NB67,66,T143C_A605G,0.8988870094740126
10,F8,/Users/JLoong8/git/MinION/minION_results/20220216-ZZ_sup/RB10/NB68,133,A236G,0.9464779548524556
10,F9,/Users/JLoong8/git/MinION/minION_results/20220216-ZZ_sup/RB10/NB69,93,A212G,0.9801905602672312
10,F10,/Users/JLoong8/git/MinION/minION_results/20220216-ZZ_sup/RB10/NB70,93,A197G_T581C,0.685403566263373
10,F11,/Users/JLoong8/git/MinION/minION_results/20220216-ZZ_sup/RB10/NB71,11,A512T_T548C,0.24573250541060787
10,F12,/Users/JLoong8/git/MinION/minION_results/20220216-ZZ_sup/RB10/NB72,31,A279G,0.5044415104661646
10,G1,/Users/JLoong8/git/MinION/minION_results/20220216-ZZ_sup/RB10/NB73,14,#PARENT#,0.09910408051798035
10,G2,/Users/JLoong8/git/MinION/minION_results/20220216-ZZ_sup/RB10/NB74,20,A137T,0.07357087402670091
10,G3,/Users/JLoong8/git/MinION/minION_results/20220216-ZZ_sup/RB10/NB75,35,C576G_C597T,0.618409773868018
10,G4,/Users/JLoong8/git/MinION/minION_results/20220216-ZZ_sup/RB10/NB76,56,A366DEL_T422C_A424G,0.544074285669861
10,G5,/Users/JLoong8/git/MinION/minION_results/20220216-ZZ_sup/RB10/NB77,15,T167C,0.628320199399329
10,G6,/Users/JLoong8/git/MinION/minION_results/20220216-ZZ_sup/RB10/NB78,28,C101T,0.35802546631546733
10,G7,/Users/JLoong8/git/MinION/minION_results/20220216-ZZ_sup/RB10/NB79,19,#PARENT#,0.30417371813115196
10,G8,/Users/JLoong8/git/MinION/minION_results/20220216-ZZ_sup/RB10/NB80,99,C452T,0.9626340623546767
10,G9,/Users/JLoong8/git/MinION/minION_results/20220216-ZZ_sup/RB10/NB81,15,T45C_A149G_T394C_T550C,0.23023151740949818
10,G10,/Users/JLoong8/git/MinION/minION_results/20220216-ZZ_sup/RB10/NB82,24,T164A,0.9550482738429672
10,G11,/Users/JLoong8/git/MinION/minION_results/20220216-ZZ_sup/RB10/NB83,51,A366DEL_T394A_T436C_A528G,0.5390941930381556
10,G12,/Users/JLoong8/git/MinION/minION_results/20220216-ZZ_sup/RB10/NB84,64,#PARENT#,0.9316218806513152
10,H1,,0,,
10,H2,/Users/JLoong8/git/MinION/minION_results/20220216-ZZ_sup/RB10/NB86,59,T584A,0.5278180434161818
10,H3,/Users/JLoong8/git/MinION/minION_results/20220216-ZZ_sup/RB10/NB87,29,A286G,0.726597322308986
10,H4,/Users/JLoong8/git/MinION/minION_results/20220216-ZZ_sup/RB10/NB88,18,#PARENT#,0.8898511455812463
10,H5,/Users/JLoong8/git/MinION/minION_results/20220216-ZZ_sup/RB10/NB89,11,T303C,0.06409778459472736
10,H6,/Users/JLoong8/git/MinION/minION_results/20220216-ZZ_sup/RB10/NB90,50,A74G,0.6382267587230122
10,H7,/Users/JLoong8/git/MinION/minION_results/20220216-ZZ_sup/RB10/NB91,70,#PARENT#,0.9376750501339414
10,H8,/Users/JLoong8/git/MinION/minION_results/20220216-ZZ_sup/RB10/NB92,42,#PARENT#,0.5270248425763185
10,H9,/Users/JLoong8/git/MinION/minION_results/20220216-ZZ_sup/RB10/NB93,71,T275C_T354C_C576G,0.6941592729807031
10,H10,/Users/JLoong8/git/MinION/minION_results/20220216-ZZ_sup/RB10/NB94,49,A516G,0.5299072937610839
10,H11,/Users/JLoong8/git/MinION/minION_results/20220216-ZZ_sup/RB10/NB95,48,A454G_A459G,0.5262043619634458
10,H12,/Users/JLoong8/git/MinION/minION_results/20220216-ZZ_sup/RB10/NB96,25,T412C_T561C,0.9049068247254313
11,A1,,0,,
11,A2,/Users/JLoong8/git/MinION/minION_results/20220216-ZZ_sup/RB11/NB02,45,A491G_G552A_T561DEL,0.4187638254702663
11,A3,/Users/JLoong8/git/MinION/minION_results/20220216-ZZ_sup/RB11/NB03,46,A459G,0.7111568043325478
11,A4,/Users/JLoong8/git/MinION/minION_results/20220216-ZZ_sup/RB11/NB04,32,A459G,0.9672673804527252
11,A5,/Users/JLoong8/git/MinION/minION_results/20220216-ZZ_sup/RB11/NB05,55,A153G_T561C,0.8669543363039444
11,A6,/Users/JLoong8/git/MinION/minION_results/20220216-ZZ_sup/RB11/NB06,47,A281G_T510A_C527G,0.7808981992621615
11,A7,/Users/JLoong8/git/MinION/minION_results/20220216-ZZ_sup/RB11/NB07,35,T303C_A404G,0.5432865973728929
11,A8,/Users/JLoong8/git/MinION/minION_results/20220216-ZZ_sup/RB11/NB08,32,G177C_C441T_C453T_A473G_G574A,0.6689541731426106
11,A9,/Users/JLoong8/git/MinION/minION_results/20220216-ZZ_sup/RB11/NB09,56,T198C_T398DEL_C585T,0.5350368144184071
11,A10,/Users/JLoong8/git/MinION/minION_results/20220216-ZZ_sup/RB11/NB10,35,G50A,0.9452339796231048
11,A11,/Users/JLoong8/git/MinION/minION_results/20220216-ZZ_sup/RB11/NB11,22,#PARENT#,0.04756538937383909
11,A12,/Users/JLoong8/git/MinION/minION_results/20220216-ZZ_sup/RB11/NB12,38,#PARENT#,0.5321722685729742
11,B1,/Users/JLoong8/git/MinION/minION_results/20220216-ZZ_sup/RB11/NB13,44,T581C,0.2666748831456428
11,B2,/Users/JLoong8/git/MinION/minION_results/20220216-ZZ_sup/RB11/NB14,36,#PARENT#,0.9605370071674247
11,B3,/Users/JLoong8/git/MinION/minION_results/20220216-ZZ_sup/RB11/NB15,36,A445G,0.9713607781798138
11,B4,,0,,
11,B5,/Users/JLoong8/git/MinION/minION_results/20220216-ZZ_sup/RB11/NB17,43,#PARENT#,0.9203381605935982
11,B6,/Users/JLoong8/git/MinION/minION_results/20220216-ZZ_sup/RB11/NB18,2,,
11,B7,/Users/JLoong8/git/MinION/minION_results/20220216-ZZ_sup/RB11/NB19,15,#PARENT#,0.517344109940714
11,B8,/Users/JLoong8/git/MinION/minION_results/20220216-ZZ_sup/RB11/NB20,9,nan,
11,B9,/Users/JLoong8/git/MinION/minION_results/20220216-ZZ_sup/RB11/NB21,28,T205C_T264C,0.8704889584885656
11,B10,/Users/JLoong8/git/MinION/minION_results/20220216-ZZ_sup/RB11/NB22,51,#PARENT#,0.7471320081533434
11,B11,/Users/JLoong8/git/MinION/minION_results/20220216-ZZ_sup/RB11/NB23,35,A174G_C244A_G574A,0.5257526540205576
11,B12,/Users/JLoong8/git/MinION/minION_results/20220216-ZZ_sup/RB11/NB24,41,A281G_T306C_C363T_C488T,0.4255445418773731
11,C1,/Users/JLoong8/git/MinION/minION_results/20220216-ZZ_sup/RB11/NB25,52,A161G_A235G_A248T_G340A_A509T_T530A_G577A,0.4988967052193732
11,C2,/Users/JLoong8/git/MinION/minION_results/20220216-ZZ_sup/RB11/NB26,41,A293G,0.6160627866974943
11,C3,/Users/JLoong8/git/MinION/minION_results/20220216-ZZ_sup/RB11/NB27,19,#PARENT#,0.09337487424645946
11,C4,/Users/JLoong8/git/MinION/minION_results/20220216-ZZ_sup/RB11/NB28,16,A22G_A368G_C576G,0.5288528888166851
11,C5,/Users/JLoong8/git/MinION/minION_results/20220216-ZZ_sup/RB11/NB29,25,T27C_T87C_T273C,0.5250256919594096
11,C6,/Users/JLoong8/git/MinION/minION_results/20220216-ZZ_sup/RB11/NB30,37,G84A_T360C_T582A,0.7855168007612445
11,C7,/Users/JLoong8/git/MinION/minION_results/20220216-ZZ_sup/RB11/NB31,24,T222G_G336A_T567A,0.5625389943071207
11,C8,/Users/JLoong8/git/MinION/minION_results/20220216-ZZ_sup/RB11/NB32,31,T114C_G492C,0.5555942974296155
11,C9,/Users/JLoong8/git/MinION/minION_results/20220216-ZZ_sup/RB11/NB33,21,#PARENT#,0.8133252593417294
11,C10,/Users/JLoong8/git/MinION/minION_results/20220216-ZZ_sup/RB11/NB34,8,nan,
11,C11,/Users/JLoong8/git/MinION/minION_results/20220216-ZZ_sup/RB11/NB35,49,A174G_A366G,0.5264513140626358
11,C12,/Users/JLoong8/git/MinION/minION_results/20220216-ZZ_sup/RB11/NB36,57,#PARENT#,0.9378610099582433
11,D1,/Users/JLoong8/git/MinION/minION_results/20220216-ZZ_sup/RB11/NB37,50,C88T_C107A_A362G_C431T_C597A,0.6376330094821836
11,D2,/Users/JLoong8/git/MinION/minION_results/20220216-ZZ_sup/RB11/NB38,33,A156G_C226A_C268T,0.4075778804096196
11,D3,/Users/JLoong8/git/MinION/minION_results/20220216-ZZ_sup/RB11/NB39,34,T218C_C320T,0.6383249579871636
11,D4,/Users/JLoong8/git/MinION/minION_results/20220216-ZZ_sup/RB11/NB40,28,#PARENT#,0.9365714994003274
11,D5,/Users/JLoong8/git/MinION/minION_results/20220216-ZZ_sup/RB11/NB41,28,#PARENT#,0.7931945103396164
11,D6,/Users/JLoong8/git/MinION/minION_results/20220216-ZZ_sup/RB11/NB42,33,G3C_A373G,0.49563668044401554
11,D7,/Users/JLoong8/git/MinION/minION_results/20220216-ZZ_sup/RB11/NB43,60,C88T_C107A_A362G_C431T,0.8548149862719999
11,D8,/Users/JLoong8/git/MinION/minION_results/20220216-ZZ_sup/RB11/NB44,43,#PARENT#,0.544284086503435
11,D9,/Users/JLoong8/git/MinION/minION_results/20220216-ZZ_sup/RB11/NB45,46,C270T_A359G_G385A,0.8378768555298106
11,D10,/Users/JLoong8/git/MinION/minION_results/20220216-ZZ_sup/RB11/NB46,46,#PARENT#,0.7548003740386002
11,D11,/Users/JLoong8/git/MinION/minION_results/20220216-ZZ_sup/RB11/NB47,46,A110G_A230G,0.4752146457860258
11,D12,/Users/JLoong8/git/MinION/minION_results/20220216-ZZ_sup/RB11/NB48,32,T567C,0.4673016883786231
11,E1,/Users/JLoong8/git/MinION/minION_results/20220216-ZZ_sup/RB11/NB49,26,A146G_T217A_C226G,0.4828444437783595
11,E2,/Users/JLoong8/git/MinION/minION_results/20220216-ZZ_sup/RB11/NB50,63,T135C_A295G_T327C_C348T_G353A_A366G,0.4909582761183707
11,E3,/Users/JLoong8/git/MinION/minION_results/20220216-ZZ_sup/RB11/NB51,42,A235G_G284A_T350C_A475G_A523G,0.42912539007140604
11,E4,/Users/JLoong8/git/MinION/minION_results/20220216-ZZ_sup/RB11/NB52,5,nan,
11,E5,/Users/JLoong8/git/MinION/minION_results/20220216-ZZ_sup/RB11/NB53,25,#PARENT#,0.7081560570854927
11,E6,/Users/JLoong8/git/MinION/minION_results/20220216-ZZ_sup/RB11/NB54,16,#PARENT#,0.12810965926191087
11,E7,/Users/JLoong8/git/MinION/minION_results/20220216-ZZ_sup/RB11/NB55,34,#PARENT#,0.5665441379796518
11,E8,/Users/JLoong8/git/MinION/minION_results/20220216-ZZ_sup/RB11/NB56,32,A362G,0.08441968340760206
11,E9,/Users/JLoong8/git/MinION/minION_results/20220216-ZZ_sup/RB11/NB57,29,A168G_G353A_A451G,0.8640224095808209
11,E10,/Users/JLoong8/git/MinION/minION_results/20220216-ZZ_sup/RB11/NB58,2,,
11,E11,/Users/JLoong8/git/MinION/minION_results/20220216-ZZ_sup/RB11/NB59,26,A235G_T381C,0.3272870749184847
11,E12,/Users/JLoong8/git/MinION/minION_results/20220216-ZZ_sup/RB11/NB60,24,#PARENT#,0.6134332124615841
11,F1,/Users/JLoong8/git/MinION/minION_results/20220216-ZZ_sup/RB11/NB61,39,#PARENT#,0.8784069344072192
11,F2,/Users/JLoong8/git/MinION/minION_results/20220216-ZZ_sup/RB11/NB62,21,T535C,0.7062950368147732
11,F3,/Users/JLoong8/git/MinION/minION_results/20220216-ZZ_sup/RB11/NB63,1,,
11,F4,/Users/JLoong8/git/MinION/minION_results/20220216-ZZ_sup/RB11/NB64,20,#PARENT#,0.7458776838700143
11,F5,/Users/JLoong8/git/MinION/minION_results/20220216-ZZ_sup/RB11/NB65,7,nan,
11,F6,/Users/JLoong8/git/MinION/minION_results/20220216-ZZ_sup/RB11/NB66,12,#PARENT#,0.057391492151735814
11,F7,/Users/JLoong8/git/MinION/minION_results/20220216-ZZ_sup/RB11/NB67,3,,
11,F8,/Users/JLoong8/git/MinION/minION_results/20220216-ZZ_sup/RB11/NB68,38,#PARENT#,0.5080480154086964
11,F9,/Users/JLoong8/git/MinION/minION_results/20220216-ZZ_sup/RB11/NB69,46,A22T_T92C_G99A_A335G_G474A,0.6155061638452232
11,F10,/Users/JLoong8/git/MinION/minION_results/20220216-ZZ_sup/RB11/NB70,33,T40C_T60DEL_A120G_A156G_A158G_T205C,0.2626417160719663
11,F11,/Users/JLoong8/git/MinION/minION_results/20220216-ZZ_sup/RB11/NB71,26,#PARENT#,0.7917311869410524
11,F12,/Users/JLoong8/git/MinION/minION_results/20220216-ZZ_sup/RB11/NB72,28,T27C_A220G_A366DEL_T581C,0.41586203280364353
11,G1,/Users/JLoong8/git/MinION/minION_results/20220216-ZZ_sup/RB11/NB73,37,C466T,0.9202263468839603
11,G2,/Users/JLoong8/git/MinION/minION_results/20220216-ZZ_sup/RB11/NB74,7,nan,
11,G3,/Users/JLoong8/git/MinION/minION_results/20220216-ZZ_sup/RB11/NB75,32,#PARENT#,0.9518924024502273
11,G4,/Users/JLoong8/git/MinION/minION_results/20220216-ZZ_sup/RB11/NB76,38,T210C,0.2856369694429951
11,G5,/Users/JLoong8/git/MinION/minION_results/20220216-ZZ_sup/RB11/NB77,34,T344C,0.5243510188887026
11,G6,/Users/JLoong8/git/MinION/minION_results/20220216-ZZ_sup/RB11/NB78,48,G73A,0.7137154360999703
11,G7,/Users/JLoong8/git/MinION/minION_results/20220216-ZZ_sup/RB11/NB79,17,#PARENT#,0.20683736502252403
11,G8,/Users/JLoong8/git/MinION/minION_results/20220216-ZZ_sup/RB11/NB80,16,C88T_C107A,0.03734504181012943
11,G9,/Users/JLoong8/git/MinION/minION_results/20220216-ZZ_sup/RB11/NB81,18,#PARENT#,0.19002206247972747
11,G10,/Users/JLoong8/git/MinION/minION_results/20220216-ZZ_sup/RB11/NB82,33,C15T_T41C_C52T,0.49378409579912325
11,G11,/Users/JLoong8/git/MinION/minION_results/20220216-ZZ_sup/RB11/NB83,32,#PARENT#,0.9465496184248624
11,G12,/Users/JLoong8/git/MinION/minION_results/20220216-ZZ_sup/RB11/NB84,62,T11C_G182C_C189T_A457G_A523G,0.4403725854585597
11,H1,,0,,
11,H2,/Users/JLoong8/git/MinION/minION_results/20220216-ZZ_sup/RB11/NB86,41,T204C,0.7776447695486168
11,H3,/Users/JLoong8/git/MinION/minION_results/20220216-ZZ_sup/RB11/NB87,5,A20G,0.06866407155922051
11,H4,/Users/JLoong8/git/MinION/minION_results/20220216-ZZ_sup/RB11/NB88,14,nan,
11,H5,/Users/JLoong8/git/MinION/minION_results/20220216-ZZ_sup/RB11/NB89,58,C606T,0.7783259006283848
11,H6,/Users/JLoong8/git/MinION/minION_results/20220216-ZZ_sup/RB11/NB90,49,C502A,0.9398202435028096
11,H7,/Users/JLoong8/git/MinION/minION_results/20220216-ZZ_sup/RB11/NB91,59,T389G,0.5235094808114932
11,H8,/Users/JLoong8/git/MinION/minION_results/20220216-ZZ_sup/RB11/NB92,14,#PARENT#,0.518530209015671
11,H9,/Users/JLoong8/git/MinION/minION_results/20220216-ZZ_sup/RB11/NB93,32,T186C,0.739210864462412
11,H10,/Users/JLoong8/git/MinION/minION_results/20220216-ZZ_sup/RB11/NB94,48,G231C_G329A,0.8136898462421399
11,H11,/Users/JLoong8/git/MinION/minION_results/20220216-ZZ_sup/RB11/NB95,57,A391G,0.7387244646741913
11,H12,/Users/JLoong8/git/MinION/minION_results/20220216-ZZ_sup/RB11/NB96,18,#PARENT#,0.41592904957069565
12,A1,,0,,
12,A2,/Users/JLoong8/git/MinION/minION_results/20220216-ZZ_sup/RB12/NB02,9,nan,
12,A3,/Users/JLoong8/git/MinION/minION_results/20220216-ZZ_sup/RB12/NB03,50,G37A_A162G_T360C_A578G,0.3110965817695092
12,A4,/Users/JLoong8/git/MinION/minION_results/20220216-ZZ_sup/RB12/NB04,29,A123G,0.7290442443477968
12,A5,/Users/JLoong8/git/MinION/minION_results/20220216-ZZ_sup/RB12/NB05,57,C487DEL,0.7000323885209063
12,A6,/Users/JLoong8/git/MinION/minION_results/20220216-ZZ_sup/RB12/NB06,14,nan,
12,A7,/Users/JLoong8/git/MinION/minION_results/20220216-ZZ_sup/RB12/NB07,21,#PARENT#,0.4479584103649587
12,A8,/Users/JLoong8/git/MinION/minION_results/20220216-ZZ_sup/RB12/NB08,22,#PARENT#,0.06859422194916301
12,A9,/Users/JLoong8/git/MinION/minION_results/20220216-ZZ_sup/RB12/NB09,21,T41C_T443DEL,0.6946433289745463
12,A10,/Users/JLoong8/git/MinION/minION_results/20220216-ZZ_sup/RB12/NB10,29,T582C,0.8136771857421359
12,A11,/Users/JLoong8/git/MinION/minION_results/20220216-ZZ_sup/RB12/NB11,34,T186A_C352G,0.11193315715191092
12,A12,/Users/JLoong8/git/MinION/minION_results/20220216-ZZ_sup/RB12/NB12,9,nan,
12,B1,,0,,
12,B2,/Users/JLoong8/git/MinION/minION_results/20220216-ZZ_sup/RB12/NB14,31,#PARENT#,0.7318690866627576
12,B3,/Users/JLoong8/git/MinION/minION_results/20220216-ZZ_sup/RB12/NB15,19,A215T,0.1817610617932481
12,B4,/Users/JLoong8/git/MinION/minION_results/20220216-ZZ_sup/RB12/NB16,5,A207G,0.02554559660987588
12,B5,/Users/JLoong8/git/MinION/minION_results/20220216-ZZ_sup/RB12/NB17,33,A197T_T389C_T567A,0.8287370609416682
12,B6,/Users/JLoong8/git/MinION/minION_results/20220216-ZZ_sup/RB12/NB18,29,G570A,0.2062789902346805
12,B7,/Users/JLoong8/git/MinION/minION_results/20220216-ZZ_sup/RB12/NB19,16,A146G,0.6888206108194574
12,B8,/Users/JLoong8/git/MinION/minION_results/20220216-ZZ_sup/RB12/NB20,14,A212T_A374G,0.1539555708954961
12,B9,/Users/JLoong8/git/MinION/minION_results/20220216-ZZ_sup/RB12/NB21,34,#PARENT#,0.27731976113030044
12,B10,/Users/JLoong8/git/MinION/minION_results/20220216-ZZ_sup/RB12/NB22,38,A366DEL_A454G,0.789566038915904
12,B11,/Users/JLoong8/git/MinION/minION_results/20220216-ZZ_sup/RB12/NB23,41,T464C_A505T_A516G,0.4049721148070475
12,B12,/Users/JLoong8/git/MinION/minION_results/20220216-ZZ_sup/RB12/NB24,36,#PARENT#,0.6039284598001575
12,C1,,0,,
12,C2,/Users/JLoong8/git/MinION/minION_results/20220216-ZZ_sup/RB12/NB26,21,#PARENT#,0.5239063550427338
12,C3,/Users/JLoong8/git/MinION/minION_results/20220216-ZZ_sup/RB12/NB27,12,#PARENT#,0.050879396485446725
12,C4,/Users/JLoong8/git/MinION/minION_results/20220216-ZZ_sup/RB12/NB28,17,#PARENT#,0.09529673195948692
12,C5,/Users/JLoong8/git/MinION/minION_results/20220216-ZZ_sup/RB12/NB29,13,A235G_T306A,0.09444504568290045
12,C6,/Users/JLoong8/git/MinION/minION_results/20220216-ZZ_sup/RB12/NB30,42,A248G_G552A,0.6400971447878175
12,C7,/Users/JLoong8/git/MinION/minION_results/20220216-ZZ_sup/RB12/NB31,15,A372G,0.7518602095195762
12,C8,/Users/JLoong8/git/MinION/minION_results/20220216-ZZ_sup/RB12/NB32,31,C5T_A146G,0.6021585527499199
12,C9,/Users/JLoong8/git/MinION/minION_results/20220216-ZZ_sup/RB12/NB33,18,T548C,0.1070521501507033
12,C10,/Users/JLoong8/git/MinION/minION_results/20220216-ZZ_sup/RB12/NB34,33,#PARENT#,0.7896338056110195
12,C11,/Users/JLoong8/git/MinION/minION_results/20220216-ZZ_sup/RB12/NB35,35,T24A_T435C_G574A,0.4477172647435229
12,C12,/Users/JLoong8/git/MinION/minION_results/20220216-ZZ_sup/RB12/NB36,41,T521A,0.9221887563474317
12,D1,,0,,
12,D2,/Users/JLoong8/git/MinION/minION_results/20220216-ZZ_sup/RB12/NB38,33,#PARENT#,0.5419776092022245
12,D3,/Users/JLoong8/git/MinION/minION_results/20220216-ZZ_sup/RB12/NB39,5,G73A_A279C_A377G,0.01877146921827807
12,D4,/Users/JLoong8/git/MinION/minION_results/20220216-ZZ_sup/RB12/NB40,22,#PARENT#,0.47655687422733545
12,D5,/Users/JLoong8/git/MinION/minION_results/20220216-ZZ_sup/RB12/NB41,37,G495T_A565G,0.7639090396191187
12,D6,/Users/JLoong8/git/MinION/minION_results/20220216-ZZ_sup/RB12/NB42,42,A293G,0.9022644999704935
12,D7,/Users/JLoong8/git/MinION/minION_results/20220216-ZZ_sup/RB12/NB43,30,T350C_A351G_T455C,0.9097152809985091
12,D8,/Users/JLoong8/git/MinION/minION_results/20220216-ZZ_sup/RB12/NB44,66,G16T_A32G,0.37714166562331214
12,D9,/Users/JLoong8/git/MinION/minION_results/20220216-ZZ_sup/RB12/NB45,4,,
12,D10,/Users/JLoong8/git/MinION/minION_results/20220216-ZZ_sup/RB12/NB46,63,C88T_C107A_A362G_C431T,0.4665073692760618
12,D11,/Users/JLoong8/git/MinION/minION_results/20220216-ZZ_sup/RB12/NB47,18,G85T_T217A_C502T_C600T,0.4900978496966929
12,D12,/Users/JLoong8/git/MinION/minION_results/20220216-ZZ_sup/RB12/NB48,35,#PARENT#,0.2685508154001713
12,E1,,0,,
12,E2,/Users/JLoong8/git/MinION/minION_results/20220216-ZZ_sup/RB12/NB50,4,,
12,E3,/Users/JLoong8/git/MinION/minION_results/20220216-ZZ_sup/RB12/NB51,10,T57C_A137T_A458G_T517C,0.1603715366549561
12,E4,/Users/JLoong8/git/MinION/minION_results/20220216-ZZ_sup/RB12/NB52,27,C375DEL_T582C,0.57456272677186
12,E5,/Users/JLoong8/git/MinION/minION_results/20220216-ZZ_sup/RB12/NB53,12,#PARENT#,0.5644660845117432
12,E6,/Users/JLoong8/git/MinION/minION_results/20220216-ZZ_sup/RB12/NB54,28,A310T_T405G_G513A_A569G,0.660113432935596
12,E7,/Users/JLoong8/git/MinION/minION_results/20220216-ZZ_sup/RB12/NB55,17,T60C_A125G,0.11721122782323724
12,E8,/Users/JLoong8/git/MinION/minION_results/20220216-ZZ_sup/RB12/NB56,8,nan,
12,E9,/Users/JLoong8/git/MinION/minION_results/20220216-ZZ_sup/RB12/NB57,15,#PARENT#,0.4242109340347727
12,E10,/Users/JLoong8/git/MinION/minION_results/20220216-ZZ_sup/RB12/NB58,9,nan,
12,E11,/Users/JLoong8/git/MinION/minION_results/20220216-ZZ_sup/RB12/NB59,17,nan,
12,E12,/Users/JLoong8/git/MinION/minION_results/20220216-ZZ_sup/RB12/NB60,36,A68G_T444A,0.6438053280091901
12,F1,/Users/JLoong8/git/MinION/minION_results/20220216-ZZ_sup/RB12/NB61,67,T422C,0.48230297396282273
12,F2,/Users/JLoong8/git/MinION/minION_results/20220216-ZZ_sup/RB12/NB62,38,T209C_G498DEL_A539G,0.19991112219616322
12,F3,/Users/JLoong8/git/MinION/minION_results/20220216-ZZ_sup/RB12/NB63,18,C380G_G498A,0.2877856932712981
12,F4,/Users/JLoong8/git/MinION/minION_results/20220216-ZZ_sup/RB12/NB64,37,A248G,0.9761320783187353
12,F5,/Users/JLoong8/git/MinION/minION_results/20220216-ZZ_sup/RB12/NB65,24,A512G,0.6660108089821242
12,F6,/Users/JLoong8/git/MinION/minION_results/20220216-ZZ_sup/RB12/NB66,26,#PARENT#,0.6801350770505603
12,F7,/Users/JLoong8/git/MinION/minION_results/20220216-ZZ_sup/RB12/NB67,34,T18C_C440A,0.6147597894762493
12,F8,/Users/JLoong8/git/MinION/minION_results/20220216-ZZ_sup/RB12/NB68,29,T71G,0.12426135301066249
12,F9,/Users/JLoong8/git/MinION/minION_results/20220216-ZZ_sup/RB12/NB69,41,A311G_T436C_A476G_T567A,0.6214793124720642
12,F10,/Users/JLoong8/git/MinION/minION_results/20220216-ZZ_sup/RB12/NB70,32,#PARENT#,0.8137939550017448
12,F11,/Users/JLoong8/git/MinION/minION_results/20220216-ZZ_sup/RB12/NB71,22,C219T_A317G,0.22480547265617115
12,F12,/Users/JLoong8/git/MinION/minION_results/20220216-ZZ_sup/RB12/NB72,14,C107T_G223A_T330C_A366DEL,0.12351220513640744
12,G1,/Users/JLoong8/git/MinION/minION_results/20220216-ZZ_sup/RB12/NB73,21,T398C,0.5503476843499344
12,G2,/Users/JLoong8/git/MinION/minION_results/20220216-ZZ_sup/RB12/NB74,9,nan,
12,G3,/Users/JLoong8/git/MinION/minION_results/20220216-ZZ_sup/RB12/NB75,46,A137G_A587G,0.7551815748926659
12,G4,/Users/JLoong8/git/MinION/minION_results/20220216-ZZ_sup/RB12/NB76,39,#PARENT#,0.3542463647678921
12,G5,/Users/JLoong8/git/MinION/minION_results/20220216-ZZ_sup/RB12/NB77,53,T327G_A338G_A578G,0.7159651315338229
12,G6,/Users/JLoong8/git/MinION/minION_results/20220216-ZZ_sup/RB12/NB78,35,C453T,0.7700890167429253
12,G7,/Users/JLoong8/git/MinION/minION_results/20220216-ZZ_sup/RB12/NB79,24,#PARENT#,0.7919740029371249
12,G8,/Users/JLoong8/git/MinION/minION_results/20220216-ZZ_sup/RB12/NB80,44,#PARENT#,0.970900649355575
12,G9,,0,,
12,G10,/Users/JLoong8/git/MinION/minION_results/20220216-ZZ_sup/RB12/NB82,31,#PARENT#,0.7315669657143751
12,G11,/Users/JLoong8/git/MinION/minION_results/20220216-ZZ_sup/RB12/NB83,77,A146G,0.912772167780564
12,G12,/Users/JLoong8/git/MinION/minION_results/20220216-ZZ_sup/RB12/NB84,65,A22G_A69G,0.8739870401738032
12,H1,,0,,
12,H2,/Users/JLoong8/git/MinION/minION_results/20220216-ZZ_sup/RB12/NB86,63,C564G,0.6799056055366496
12,H3,/Users/JLoong8/git/MinION/minION_results/20220216-ZZ_sup/RB12/NB87,49,#PARENT#,0.7517643403323767
12,H4,/Users/JLoong8/git/MinION/minION_results/20220216-ZZ_sup/RB12/NB88,21,#PARENT#,0.7229714726541108
12,H5,/Users/JLoong8/git/MinION/minION_results/20220216-ZZ_sup/RB12/NB89,30,A494G,0.5783082790782368
12,H6,/Users/JLoong8/git/MinION/minION_results/20220216-ZZ_sup/RB12/NB90,40,#PARENT#,0.7141010953002883
12,H7,/Users/JLoong8/git/MinION/minION_results/20220216-ZZ_sup/RB12/NB91,39,A146G_C151T_T164A_A335T_A364T_T455C,0.5807525065469932
12,H8,/Users/JLoong8/git/MinION/minION_results/20220216-ZZ_sup/RB12/NB92,18,#PARENT#,0.5997363505930692
12,H9,/Users/JLoong8/git/MinION/minION_results/20220216-ZZ_sup/RB12/NB93,92,A149G,0.6823475402793551
12,H10,/Users/JLoong8/git/MinION/minION_results/20220216-ZZ_sup/RB12/NB94,37,G386C_T436C_C452G,0.18562492516797482
12,H11,/Users/JLoong8/git/MinION/minION_results/20220216-ZZ_sup/RB12/NB95,24,nan,
12,H12,/Users/JLoong8/git/MinION/minION_results/20220216-ZZ_sup/RB12/NB96,26,T438C,0.6553863746284743
