Plate,Well,Position,Variant,Quality-Score,count
1,A1,"[34, 171, 378]","['C34T', 'T171DEL', 'A378G']","[24, 0, 19]",132.0
1,A2,"[556, 557, 581]","['T556DEL', 'A557DEL', 'T581C']","[1, 0, 15]",63.0
1,A3,['-'],['#PARENT#'],['-'],145.0
1,A4,['-'],['#PARENT#'],['-'],191.0
1,A5,['-'],['#PARENT#'],['-'],56.0
1,A6,['-'],['#PARENT#'],['-'],319.0
1,A7,"[199, 273, 410]","['C199T', 'T273A', 'C410T']","[23, 21, 20]",191.0
1,A8,"[56, 238]","['T56C', 'C238A']","[23, 20]",220.0
1,A9,[143],['T143C'],[21],493.0
1,A10,['-'],['#PARENT#'],['-'],142.0
1,A11,[305],['G305A'],[19],165.0
1,A12,[72],['G72A'],[19],75.0
2,A1,"[34, 171, 378]","['C34T', 'T171DEL', 'A378G']","[22, 5, 21]",59.0
2,A2,['-'],['#PARENT#'],['-'],85.0
2,A3,[377],['A377G'],[21],40.0
2,A4,[522],['C522T'],[21],88.0
2,A5,"[303, 569]","['T303C', 'A569G']","[21, 26]",60.0
2,A6,[578],['A578G'],[20],360.0
2,A7,"[252, 303, 336, 455, 565]","['T252C', 'T303G', 'G336T', 'T455C', 'A565G']","[23, 22, 22, 26, 23]",115.0
2,A8,[252],['T252A'],[21],114.0
2,A9,"[209, 506, 584]","['T209C', 'T506C', 'T584C']","[23, 17, 18]",363.0
2,A10,[496],['G496A'],[24],202.0
2,A11,"[40, 170, 182, 354, 371, 410, 458]","['T40C', 'A170G', 'G182A', 'T354A', 'A371G', 'C410T', 'A458G']","[18, 21, 24, 20, 22, 21, 22]",456.0
2,A12,['-'],['#PARENT#'],['-'],284.0
3,A1,"[148, 170, 582]","['G148T', 'A170G', 'T582C']","[21, 22, 16]",154.0
3,A2,['-'],['#PARENT#'],['-'],118.0
3,A3,['-'],['#PARENT#'],['-'],175.0
3,A4,['-'],['#PARENT#'],['-'],83.0
3,A5,"[261, 310]","['T261A', 'A310T']","[20, 18]",46.0
3,A6,[486],['T486C'],[19],106.0
3,A7,[100],['A100G'],[23],70.0
3,A8,"[146, 164, 368, 459]","['A146G', 'T164C', 'A368T', 'A459G']","[19, 21, 19, 21]",123.0
3,A9,"[158, 346, 417, 450, 451, 481, 530]","['A158G', 'G346A', 'C417T', 'C450DEL', 'A451DEL', 'C481T', 'T530A']","[20, 17, 18, 0, 0, 17, 18]",477.0
3,A10,['-'],['#PARENT#'],['-'],327.0
3,A12,"[56, 238]","['T56C', 'C238A']","[24, 20]",456.0
4,A1,['-'],['#PARENT#'],['-'],78.0
4,A2,['-'],['#PARENT#'],['-'],96.0
4,A3,['-'],['#PARENT#'],['-'],51.0
4,A4,['-'],['#PARENT#'],['-'],165.0
4,A5,['-'],['#PARENT#'],['-'],145.0
4,A6,[87],['T87C'],[26],209.0
4,A7,[326],['T326C'],[21],66.0
4,A8,['-'],['#PARENT#'],['-'],142.0
4,A10,"[6, 111, 582]","['G6T', 'T111C', 'T582G']","[25, 21, 21]",83.0
4,A11,['-'],['#PARENT#'],['-'],411.0
4,A12,"[178, 218, 404, 581]","['C178T', 'T218C', 'A404G', 'T581C']","[25, 23, 20, 16]",132.0
5,A1,['-'],['#PARENT#'],['-'],126.0
5,A5,['-'],['#PARENT#'],['-'],26.0
5,A6,[510],['T510A'],[19],122.0
5,A7,"[402, 506]","['A402G', 'T506C']","[19, 17]",218.0
5,A8,"[116, 305, 562]","['A116T', 'G305A', 'T562C']","[18, 19, 18]",186.0
5,A9,"[179, 497]","['A179C', 'T497C']","[23, 21]",197.0
5,A10,"[175, 459]","['C175T', 'A459G']","[25, 22]",268.0
5,A11,"[171, 354, 490]","['T171C', 'T354C', 'G490A']","[18, 18, 19]",258.0
5,A12,"[201, 519, 524]","['T201C', 'G519A', 'A524T']","[22, 18, 19]",372.0
6,A1,[306],['T306C'],[15],147.0
6,A2,['-'],['#PARENT#'],['-'],48.0
6,A3,"[61, 577]","['T61C', 'G577A']","[19, 19]",126.0
6,A4,"[111, 354]","['T111A', 'T354C']","[24, 22]",29.0
6,A5,"[153, 407, 429]","['A153G', 'T407C', 'T429C']","[22, 18, 19]",157.0
6,A7,"[72, 445]","['G72T', 'A445G']","[22, 23]",247.0
6,A8,[230],['A230G'],[20],72.0
6,A9,['-'],['#PARENT#'],['-'],42.0
6,A10,[356],['A356T'],[20],147.0
6,A11,"[431, 545, 552]","['T431C', 'C545T', 'G552A']","[19, 19, 20]",416.0
6,A12,[302],['T302A'],[19],80.0
7,A2,"[44, 573]","['C44G', 'T573A']","[25, 19]",160.0
7,A3,"[438, 560, 561]","['T438C', 'C560A', 'T561C']","[20, 18, 18]",144.0
7,A4,"[88, 189, 464, 565]","['T88C', 'C189T', 'T464A', 'A565G']","[28, 24, 22, 21]",90.0
7,A5,[153],['A153T'],[22],281.0
7,A6,"[176, 217, 587]","['T176C', 'T217C', 'A587G']","[25, 25, 23]",154.0
7,A7,['-'],['#PARENT#'],['-'],453.0
7,A8,"[275, 344, 402, 407, 532, 582]","['T275G', 'T344DEL', 'A402C', 'T407A', 'G532C', 'T582G']","[23, 0, 19, 18, 17, 19]",493.0
7,A9,"[222, 227]","['T222A', 'C227A']","[24, 23]",428.0
7,A10,"[78, 164, 366, 561, 582]","['T78A', 'T164C', 'A366DEL', 'T561DEL', 'T582G']","[24, 25, 1, 0, 22]",52.0
7,A11,[322],['T322A'],[20],435.0
7,A12,"[86, 106, 353]","['C86T', 'G106A', 'G353A']","[25, 22, 20]",66.0
8,A1,[467],['T467C'],[20],287.0
8,A2,"[88, 567]","['T88A', 'T567G']","[29, 24]",90.0
8,A3,"[31, 327]","['G31A', 'T327A']","[22, 20]",77.0
8,A4,['-'],['#PARENT#'],['-'],35.0
8,A5,"[30, 350, 398]","['A30T', 'T350C', 'T398A']","[22, 21, 19]",188.0
8,A6,"[289, 314, 338]","['C289T', 'A314T', 'A338T']","[21, 22, 22]",197.0
8,A7,['-'],['#PARENT#'],['-'],371.0
8,A9,[292],['G292T'],[17],410.0
8,A10,"[212, 222, 567]","['A212G', 'T222A', 'T567A']","[23, 23, 24]",193.0
8,A11,[366],['A366DEL'],[1],299.0
8,A12,"[256, 379]","['G256A', 'A379G']","[19, 20]",309.0
